/*INSERT INTO librarian(E_ID,F_NAME,M_NAME,L_NAME,USERNAME,P_WORD) VALUES('EMP001','RAJU','M','KULKARNI','RKULKARNI','rkulkarni');

INSERT INTO librarian(E_ID,F_NAME,M_NAME,L_NAME,USERNAME,P_WORD) VALUES('EMP002','RAMU','R','KARNAM','RKARNAM','rkarnam');

INSERT INTO librarian(E_ID,F_NAME,M_NAME,L_NAME,USERNAME,P_WORD) VALUES('EMP003','SHYAM','M','KOLLA','SKOLLA','skolla');

INSERT INTO librarian
(E_ID,F_NAME,M_NAME,L_NAME,USERNAME,P_WORD) VALUES('EMP004','SHANTHA','A','GUPTA','SGUPTA','sgupta');

INSERT INTO librarian
(E_ID,F_NAME,M_NAME,L_NAME,USERNAME,P_WORD) VALUES('EMP005','ROCKY','R','SHARMA','RSHARMA','rsharma');

INSERT INTO librarian
(E_ID,F_NAME,M_NAME,L_NAME,USERNAME,P_WORD) VALUES('EMP006','SANATH','G','KUMAR','SKUMAR','skumar');

INSERT INTO librarian
(E_ID,F_NAME,M_NAME,L_NAME,USERNAME,P_WORD) VALUES('EMP007','GURU','M','HADIMANI','GHADIMANI','ghadimani');

INSERT INTO librarian
(E_ID,F_NAME,M_NAME,L_NAME,USERNAME,P_WORD) VALUES('EMP008','SIDDANTH','S','SAMYAK','SSAMYAK','ssamyak');

INSERT INTO librarian
(E_ID,F_NAME,L_NAME,USERNAME,P_WORD) VALUES('EMP009','LOKESH','RAHUL','LRAHUL','lrahul');

INSERT INTO librarian
(E_ID,F_NAME,L_NAME,USERNAME,P_WORD) VALUES('EMP010','VIRAT','KOHLI','VKOHLI','vkohli');*/


/*INSERT INTO STUDENT(M_ID,SRN,F_NAME,M_NAME,L_NAME,DEPT,YEAR,SECTION,DOB,E_ID) VALUES('MEM001','PES120170001','AJAY','R','BHAT','ECE',2017,'B','1998-12-31','EMP001');

INSERT INTO STUDENT(M_ID,SRN,F_NAME,M_NAME,L_NAME,DEPT,YEAR,SECTION,DOB,E_ID) VALUES('MEM002','PES120170002','AJEYA','S','BHAT','CSE',2017,'D','1999-01-31','EMP001');

INSERT INTO STUDENT(M_ID,SRN,F_NAME,M_NAME,L_NAME,DEPT,YEAR,SECTION,DOB,E_ID) VALUES('MEM003','PES120170003','BHARGHAV','Y','REDDY','ECE',2017,'C','1999-02-28','EMP002');

INSERT INTO STUDENT(M_ID,SRN,F_NAME,M_NAME,L_NAME,DEPT,YEAR,SECTION,DOB,E_ID) VALUES('MEM004','PES120170004','SASIKIRAN','R','REDDY','CSE',2017,'C','1999-08-18','EMP003');

INSERT INTO STUDENT(M_ID,SRN,F_NAME,M_NAME,L_NAME,DEPT,YEAR,SECTION,DOB,E_ID) VALUES('MEM005','PES120170005','RONALDO','L','NAZARIO','BT',2017,'B','1999-07-21','EMP004');

INSERT INTO STUDENT(M_ID,SRN,F_NAME,M_NAME,L_NAME,DEPT,YEAR,SECTION,DOB,E_ID) VALUES('MEM006','PES120170006','LIONEL','H','MESSI','CV',2017,'A','1998-09-1','EMP005');

INSERT INTO STUDENT(M_ID,SRN,F_NAME,M_NAME,L_NAME,DEPT,YEAR,SECTION,DOB,E_ID) VALUES('MEM007','PES120170007','VARUN','R','GUPTA','CSE',2017,'B','1999-03-31','EMP005');
INSERT INTO STUDENT(M_ID,SRN,F_NAME,M_NAME,L_NAME,DEPT,YEAR,SECTION,DOB,E_ID) VALUES('MEM008','PES120170008','ARUN','R','BAZAR','ECE',2017,'B','1999-05-18','EMP006');

INSERT INTO STUDENT(M_ID,SRN,F_NAME,M_NAME,L_NAME,DEPT,YEAR,SECTION,DOB,E_ID) VALUES('MEM009','PES120170009','ABDULLA','R','KHAN','ME',2017,'B','1999-01-25','EMP005');

INSERT INTO STUDENT(M_ID,SRN,F_NAME,M_NAME,L_NAME,DEPT,YEAR,SECTION,DOB,E_ID) VALUES('MEM010','PES120170010','SYED','O','SADATH','ECE',2017,'A','1999-07-18','EMP010');
*/




/*INSERT INTO  PUBLISHER(P_ID,P_NAME,STREET_NO,AREA,ZIP) VALUES('P001','PEARSON','11','BANGALORE','560009');
INSERT INTO  PUBLISHER(P_ID,P_NAME,STREET_NO,AREA,ZIP) VALUES('P002','MC-GRAW HILLS','12','DELHI','550007');
INSERT INTO  PUBLISHER(P_ID,P_NAME,STREET_NO,AREA,ZIP) VALUES('P003','SHROFF','22','CHENNAI','600101');
INSERT INTO  PUBLISHER(P_ID,P_NAME,STREET_NO,AREA,ZIP) VALUES('P004','MK','21','ORISSA','700201');
INSERT INTO  PUBLISHER(P_ID,P_NAME,STREET_NO,AREA,ZIP) VALUES('P005','OREILLY','3','MYSORE','400560');
INSERT INTO  PUBLISHER(P_ID,P_NAME,STREET_NO,AREA,ZIP) VALUES('P006','WILEY','1','BANGALORE','560074');
*/

/*INSERT INTO TITLE(ISBN,T_NAME,EDITION,PRICE,CATEGORY,P_ID) VALUES('978-93-80501-86-4','DATA MINING',3,1000,'EDUCATIONAL','P004');

INSERT INTO TITLE(ISBN,T_NAME,EDITION,PRICE,CATEGORY,P_ID) VALUES('81-265-0526-52','APACHE TOMCAT',5,449,'EDUCATIONAL','P006');

INSERT INTO TITLE(ISBN,T_NAME,EDITION,PRICE,CATEGORY,P_ID) VALUES('81-7366-448-X','IPV6',10,1500,'FICTIONAL','P003');

INSERT INTO TITLE(ISBN,T_NAME,EDITION,PRICE,CATEGORY,P_ID) VALUES('978-93-5213-067-2','HADOOP',2,799,'EDUCATIONAL','P005');

INSERT INTO TITLE(ISBN,T_NAME,EDITION,PRICE,CATEGORY,P_ID) VALUES('978-93-392-2127-0','UNDERSTANDING BIG DATA',6,899,'EDUCATIONAL','P002');

INSERT INTO TITLE(ISBN,T_NAME,EDITION,PRICE,CATEGORY,P_ID) VALUES('978-91-317-0977-1','MODERN INFORMATION RETREIVAL',4,1000,'EDUCATIONAL','P001');

INSERT INTO TITLE(ISBN,T_NAME,EDITION,PRICE,CATEGORY,P_ID) VALUES('0-521-61388-4','FUNDAMENTALS OF ERROR CODES',7,759,'EDUCATIONAL','P006');

INSERT INTO TITLE(ISBN,T_NAME,EDITION,PRICE,CATEGORY,P_ID) VALUES('978-1-55860-622-7','DATA ON THE WEB',5,877,'EDUCATIONAL','P004');

INSERT INTO TITLE(ISBN,T_NAME,EDITION,PRICE,CATEGORY,P_ID) VALUES('978-81-317-0813-2','HUCKLE BERRY FINN',3,899,'FICTIONAL','P003');

INSERT INTO TITLE(ISBN,T_NAME,EDITION,PRICE,CATEGORY,P_ID) VALUES('978-0-07-159846-0','WINGS OF FIRE',1,2999,'NON-FICTIONAL','P003');
*/

/*
INSERT INTO SECTION(S_ID,S_NAME,RACK_NO)VALUES('E1','MACHINE LEARNING',1);

INSERT INTO SECTION(S_ID,S_NAME,RACK_NO)VALUES('F1','NOVELS',2);

INSERT INTO SECTION(S_ID,S_NAME,RACK_NO)VALUES('NF1','BIOGRAPHIES',3);

INSERT INTO SECTION(S_ID,S_NAME,RACK_NO)VALUES('E2','BIG DATA',4);



INSERT INTO  AUTHOR(NAME,ISBN)VALUES('TOM WHITE','978-93-5213-067-2');

INSERT INTO  AUTHOR(NAME,ISBN)VALUES('SILVIA HAGEN','81-7366-448-X');

INSERT INTO  AUTHOR(NAME,ISBN)VALUES('AMIT BAKORE','81-265-0526-52');

INSERT INTO  AUTHOR(NAME,ISBN)VALUES('IAN WITTEN','978-93-80501-86-4');

INSERT INTO  AUTHOR(NAME,ISBN)VALUES('APJ ABDUL KALAM','978-0-07-159846-0');

INSERT INTO  AUTHOR(NAME,ISBN)VALUES('MARK TWAIN','978-81-317-0813-2');

INSERT INTO  AUTHOR(NAME,ISBN)VALUES('VERA PLESS','0-521-61388-4');

INSERT INTO  AUTHOR(NAME,ISBN)VALUES('DAN SUCIU','978-1-55860-622-7');

INSERT INTO  AUTHOR(NAME,ISBN)VALUES('RICARDO BAEZA','978-91-317-0977-1');

INSERT INTO  AUTHOR(NAME,ISBN)VALUES('CHARLES ALBRIGHT','978-93-392-2127-0');



INSERT INTO BOOK(ID,M_ID,RESERVE_DATE,S_ID,BORROW_DATE,RETURN_DATE,FINE,ISBN,E_ID)VALUES('LB-01245','MEM002','2019-02-20','E1','2019-02-20','2019-02-27',0,'978-93-80501-86-4','EMP001');

INSERT INTO BOOK(ID,M_ID,RESERVE_DATE,S_ID,BORROW_DATE,RETURN_DATE,FINE,ISBN,E_ID)VALUES('LB-10267','MEM003','2019-02-02','F1','2019-02-02','2019-02-09',0,'81-7366-448-X','EMP002');

INSERT INTO BOOK(ID,M_ID,RESERVE_DATE,S_ID,BORROW_DATE,RETURN_DATE,FINE,ISBN,E_ID)VALUES('LB-00328','MEM003','2019-03-12','NF1','2019-03-12','2019-03-19',0,'978-0-07-159846-0','EMP003');

INSERT INTO BOOK(ID,M_ID,RESERVE_DATE,S_ID,BORROW_DATE,RETURN_DATE,FINE,ISBN,E_ID)VALUES('LB-07536','MEM004','2019-01-20','E2','2019-01-20','2019-01-27',0,'81-265-0526-52','EMP004');

INSERT INTO BOOK(ID,M_ID,RESERVE_DATE,S_ID,BORROW_DATE,RETURN_DATE,FINE,ISBN,E_ID)VALUES('LB-00002','MEM005','2019-03-6','E1','2019-03-6','2019-03-13',0,'978-93-80501-86-4','EMP005');

INSERT INTO BOOK(ID,M_ID,RESERVE_DATE,S_ID,BORROW_DATE,RETURN_DATE,FINE,ISBN,E_ID)VALUES('LB-03615','MEM006','2019-01-19','E2','2019-01-19','2019-01-26',0,'81-265-0526-52','EMP009');

INSERT INTO BOOK(ID,M_ID,RESERVE_DATE,S_ID,BORROW_DATE,RETURN_DATE,FINE,ISBN,E_ID)VALUES('LB-04578','MEM007','2019-02-22','NF1','2019-02-22','2019-03-01',0,'978-0-07-159846-0','EMP006');

INSERT INTO BOOK(ID,M_ID,RESERVE_DATE,S_ID,BORROW_DATE,RETURN_DATE,FINE,ISBN,E_ID)VALUES('LB-00214','MEM008','2019-03-16','F1','2019-03-16','2019-03-23',0,'978-81-317-0813-2','EMP007');

INSERT INTO BOOK(ID,M_ID,RESERVE_DATE,S_ID,BORROW_DATE,RETURN_DATE,FINE,ISBN,E_ID)VALUES('LB-00032','MEM010','2019-02-28','E1','2019-02-28','2019-03-07',0,'978-93-80501-86-4','EMP001');


INSERT INTO PUBLISHER_PHONE(P_ID,P_PHONE)VALUES('P001','9846131647');

INSERT INTO PUBLISHER_PHONE(P_ID,P_PHONE)VALUES('P001','9898764135');

INSERT INTO PUBLISHER_PHONE(P_ID,P_PHONE)VALUES('P002','6351348131');

INSERT INTO PUBLISHER_PHONE(P_ID,P_PHONE)VALUES('P003','9461198133');

INSERT INTO PUBLISHER_PHONE(P_ID,P_PHONE)VALUES('P004','9879842138');

INSERT INTO PUBLISHER_PHONE(P_ID,P_PHONE)VALUES('P004','9764135164');

INSERT INTO PUBLISHER_PHONE(P_ID,P_PHONE)VALUES('P005','8911336555');

INSERT INTO PUBLISHER_PHONE(P_ID,P_PHONE)VALUES('P006','9861132966');

INSERT INTO PUBLISHER_PHONE(P_ID,P_PHONE)VALUES('P006','7630131864');

INSERT INTO PUBLISHER_PHONE(P_ID,P_PHONE)VALUES('P005','9840051484');


INSERT INTO STUDENT_PHONE(M_ID,S_PHONE)VALUES('MEM001','9862315214');

INSERT INTO STUDENT_PHONE(M_ID,S_PHONE)VALUES('MEM002','9948264664');

INSERT INTO STUDENT_PHONE(M_ID,S_PHONE)VALUES('MEM003','8964644986');

INSERT INTO STUDENT_PHONE(M_ID,S_PHONE)VALUES('MEM004','7988435685');

INSERT INTO STUDENT_PHONE(M_ID,S_PHONE)VALUES('MEM005','9131684325');

INSERT INTO STUDENT_PHONE(M_ID,S_PHONE)VALUES('MEM006','8463164113');

INSERT INTO STUDENT_PHONE(M_ID,S_PHONE)VALUES('MEM007','9812332184');

INSERT INTO STUDENT_PHONE(M_ID,S_PHONE)VALUES('MEM008','9841311822');

INSERT INTO STUDENT_PHONE(M_ID,S_PHONE)VALUES('MEM009','8987116532');

INSERT INTO STUDENT_PHONE(M_ID,S_PHONE)VALUES('MEM010','8684131654');

INSERT INTO STUDENT_PHONE(M_ID,S_PHONE)VALUES('MEM007','7984610649');

INSERT INTO STUDENT_PHONE(M_ID,S_PHONE)VALUES('MEM004','9480651984');

*/

INSERT INTO  WRITES(NAME,ISBN)VALUES('TOM WHITE','978-93-5213-067-2');

INSERT INTO  WRITES(NAME,ISBN)VALUES('SILVIA HAGEN','81-7366-448-X');

INSERT INTO  WRITES(NAME,ISBN)VALUES('AMIT BAKORE','81-265-0526-52');

INSERT INTO  WRITES(NAME,ISBN)VALUES('IAN WITTEN','978-93-80501-86-4');

INSERT INTO  WRITES(NAME,ISBN)VALUES('APJ ABDUL KALAM','978-0-07-159846-0');

INSERT INTO  WRITES(NAME,ISBN)VALUES('MARK TWAIN','978-81-317-0813-2');

INSERT INTO  WRITES(NAME,ISBN)VALUES('VERA PLESS','0-521-61388-4');

INSERT INTO  WRITES(NAME,ISBN)VALUES('DAN SUCIU','978-1-55860-622-7');

INSERT INTO  WRITES(NAME,ISBN)VALUES('RICARDO BAEZA','978-91-317-0977-1');

INSERT INTO  WRITES(NAME,ISBN)VALUES('CHARLES ALBRIGHT','978-93-392-2127-0');